{"cameraMode":{"drawMode":0,"name":"Shaded","section":"Shading Mode"},"sceneLighting":true,"audioPlay":false,"sceneViewState":{"showFog":true,"showMaterialUpdate":false,"showSkybox":true,"showFlares":true,"showImageEffects":true,"showParticleSystems":true},"in2DMode":false,"pivot":{"x":0.027256011962890626,"y":0.29300594329833987,"z":0.7513183355331421},"rotation":{"x":-0.1279977262020111,"y":0.6343940496444702,"z":-0.10759229212999344,"w":-0.7547084093093872},"size":9.402091979980469,"orthographic":false}