{"cameraMode":{"drawMode":0,"name":"Shaded","section":"Shading Mode"},"sceneLighting":true,"audioPlay":false,"sceneViewState":{"showFog":true,"showMaterialUpdate":false,"showSkybox":true,"showFlares":true,"showImageEffects":true,"showParticleSystems":true},"in2DMode":false,"pivot":{"x":-1.7007713317871094,"y":0.8864250183105469,"z":1.1277046203613282},"rotation":{"x":-0.0876954048871994,"y":0.8957177400588989,"z":-0.2038859874010086,"w":-0.38526588678359988},"size":15.132041931152344,"orthographic":false}